t	rendererMB	rendererPeakMB	gpuMB
0	18	18	330
1	18	18	330
2	15	18	330
3	15	18	330
4	15	18	330
5	15	18	330
6	15	18	330
7	664	690	330
8	895	917	328
9	2007	2082	328
10	1784	2082	328
11	1784	2082	327
12	1791	2082	327
13	1792	2082	327
14	1790	2082	327
15	1798	2082	327
16	1798	2082	327
17	1799	2082	327
18	1796	2082	327
19	1796	2082	327
20	1795	2082	327
21	1795	2082	327
22	1795	2082	327
23	1795	2082	327
24	1790	2082	327
25	1806	2082	327
26	1809	2082	327
27	1809	2082	327
28	1808	2082	327
29	1808	2082	327
30	1808	2082	327
31	1809	2082	327
32	1810	2082	327
33	1810	2082	327
34	1810	2082	327
35	1810	2082	327
36	1810	2082	327
37	1810	2082	327
38	1810	2082	327
39	1810	2082	327
40	1810	2082	327
41	1810	2082	327
42	1810	2082	327
43	1810	2082	327
44	1810	2082	327
45	1814	2082	327
46	1814	2082	327
47	1815	2082	327
48	1815	2082	327
49	1815	2082	327
50	1815	2082	327
51	1815	2082	327
52	1815	2082	327
53	1815	2082	327
54	1815	2082	327
55	1815	2082	327
56	1815	2082	327
57	1815	2082	327
58	1845	2082	327
59	1850	2082	327
60	1849	2082	327
61	1849	2082	327
62	1849	2082	327
63	1849	2082	327
64	1857	2082	327
65	1858	2082	327
66	1858	2082	327
67	1825	2082	327
68	1825	2082	327
69	1825	2082	327
70	1825	2082	327
71	1825	2082	327
72	1825	2082	327
73	1179	2082	327
74	1154	2082	327
75	1154	2082	327
76	1154	2082	327
77	1154	2082	327
78	1154	2082	327
79	1154	2082	327
80	1154	2082	327
81	1154	2082	327
